{
    "t2w_full": {
        "mean": {
            "coef": [
                0.7620517015457153,
                -0.9392352104187012,
                -1.030179738998413,
                -0.8439045548439026,
                -0.9599726796150208,
                0.2895299196243286,
                0.5906468629837036,
                0.9111542701721191,
                1.1739442348480225,
                1.4048402309417725,
                -0.23590944707393646,
                -0.42100703716278076,
                -1.2652312517166138,
                0.9082018136978149,
                0.8246147036552429,
                -0.20065844058990479
            ],
            "intercept": 3.852625608444214
        }
    },
    "t2w_final": {
        "mean": {
            "coef": [
                -1.2323054075241089,
                -3.0019097328186035,
                0.05191745609045029,
                -1.9002174139022827,
                0.12178218364715576,
                -0.3074202835559845,
                3.033364772796631,
                2.4333550930023193,
                -0.041654717177152634,
                0.588054358959198,
                4.054937362670898,
                -0.008881794288754463,
                0.06571471691131592,
                3.630830764770508,
                -4.316932201385498,
                -2.292628765106201
            ],
            "intercept": -1.4601285457611084
        }
    }
}